order_id,customer_id,product,amount,order_date,status
O00460,C0017,HDMI Cable,18.78,16/12/2023,refund
O00967,C0116,Webcam,80.51,05-16-2024,completed
O00679,C0045,Mouse Pad,27.16,08-22-2023,REFUNDED
O00353,C0097,Bluetooth Speaker,266.95,11-24-2025,Pending
O00487,C0122,Desk Lamp,173.61,23/04/2024,Cancelled
O00597,C0035,Desk Lamp,167.15,10-01-2025,REFUNDED
O00753,C0178,Bluetooth Speaker,370.56,11-09-2024,Cancelled
O00401,C0018,Pen Set,50.54,,Cancelled
O00786,C0089,Marker Set,31.75,25/12/2023,CANCELLED
O00133,C0070,Mouse Pad,13.56,07/06/2023,canceled
O00828,C0044,Phone Case,59.63,2025-09-23,refunded
O00463,C0099,Keyboard,240.18,01/06/2025,pend
O00820,C0090,Mouse Pad,58.83,04-29-2023,CANCELLED
O00626,C0077,Headphones,317.88,2025-04-12,cancelled
O00646,C0059,Phone Case,26.75,14/08/2025,refunded
O00542,C0129,Mouse Pad,18.74,21/08/2024,cancelled
O00294,C0125,HDMI Cable,70.11,2025-06-19,Refunded
O00093,C0148,Monitor,1749.62,2025-07-26,refunded
O00658,C0162,Backpack,56.0,08-07-2025,done
O00319,C0028,Standing Desk,507.57,08-28-2023,REFUNDED
O00144,C0164,Pen Set,,2023-09-25,pend
O00790,C0054,Mouse Pad,18.54,03/08/2025,Cancelled
O00069,C0022,Cable Organizer,82.33,2023-05-31,Cancelled
O00317,C0024,Standing Desk,1513.12,13/12/2024,Pending
O00117,C0034,Earbuds,127.97,01-17-2023,refunded
O00102,C0030,Webcam,365.53,03-27-2023,Complete
O00640,C0025,Standing Desk,496.29,22/08/2025,pending
O00276,C0035,Surge Protector,126.88,08-27-2024,canceled
O00345,C0141,Wireless Mouse,44.26,2023-06-20,done
O00174,C0027,Keyboard,239.22,06-03-2023,cancelled
O00333,C0116,Phone Case,98.23,2024-04-13,Completed
O00994,C0053,Keyboard,,2023-11-10,REFUNDED
O00316,C0023,Webcam,283.79,,cancelled
O00882,C0091,External SSD,602.12,13/04/2024,cancelled
O00520,C0130,Bluetooth Speaker,374.22,2024-07-20,done
O00206,C0067,Tablet Stand,74.68,2024-05-07,Cancelled
O00200,C0073,Laptop,3996.2,2024-03-14,Complete
O00821,C0064,Bluetooth Speaker,355.82,02-27-2023,done
O00583,C0113,Whiteboard,44.51,16/02/2025,Completed
O00791,C0050,Pen Set,8.26,07/10/2023,cancel
O00438,C0001,Monitor,356.61,02-29-2024,CANCELLED
O00422,C0047,Cable Organizer,98.4,05/10/2023,cancel
O00642,C0011,Earbuds,121.49,25/11/2024,pend
O00195,C0125,Cable Organizer,96.63,2025-11-21,Refunded
O00483,C0071,Webcam,83.53,11-06-2023,COMPLETED
O00920,C0084,Keyboard,401.55,26/08/2024,completed
O00558,C0015,Whiteboard,139.91,25/05/2025,completed
O00637,C0073,Surge Protector,61.44,2023-10-26,Pending
O00454,C0141,Chair Mat,148.51,08-03-2024,cancelled
O00586,C0176,External SSD,248.83,2025-05-26,refunded
O00771,C0049,Marker Set,64.9,2024-06-18,PENDING
O00147,C0116,Desk Lamp,161.59,11-19-2023,pending
O00794,C0020,Whiteboard,56.92,2025-01-03,pending
O00947,C0036,Surge Protector,152.41,04-22-2025,completed
O00897,C0171,Webcam,75.52,18/09/2023,Cancelled
O00630,C0081,Earbuds,57.76,09-24-2023,pend
O00430,C0063,Standing Desk,1510.46,2024-03-01,pending
O00020,C0155,Monitor,1052.08,2025-10-08,cancel
O00852,C0180,Surge Protector,46.07,09-25-2025,COMPLETED
O00040,C0060,Surge Protector,142.92,2024-10-18,done
O00364,C0003,Wireless Mouse,164.54,14/11/2023,Completed
O00427,C0108,Desk Lamp,133.22,08-14-2024,done
O00562,C0097,Keyboard,85.23,2025-04-28,refund
O00308,C0065,Webcam,355.54,07-18-2024,Complete
O00834,C0087,Notebook,37.96,01-09-2025,pending
O00607,C0149,Monitor,,31/08/2025,cancelled
O00445,C0008,Chair Mat,210.62,2025-03-08,PENDING
O00220,C0088,HDMI Cable,58.72,2025-04-06,done
O00593,C0098,Power Bank,103.79,2023-07-17,Refunded
O00682,C0028,Power Bank,189.5,03-27-2023,refunded
,,Tablet Stand,,,pending
O00340,C0098,Power Bank,111.56,12-10-2023,pend
O00600,C0094,Notebook,25.62,29/11/2024,canceled
O00696,C0117,Chair Mat,115.11,23/04/2024,refund
O00043,C0077,Pen Set,39.84,06/04/2024,done
O00529,C0076,Power Bank,84.72,12-15-2023,Completed
O00164,C0034,Chair Mat,117.95,,refund
O00990,C0133,Surge Protector,142.89,2025-05-30,Cancelled
O00310,C0089,Cable Organizer,77.35,09-01-2023,COMPLETED
O00966,C0113,Notebook,46.07,2025-02-04,Refunded
O00530,C0023,Backpack,307.18,27/08/2025,CANCELLED
O00675,C0130,Bluetooth Speaker,467.68,2025-08-17,Cancelled
O00215,C0081,Tablet Stand,20.11,12-12-2023,refunded
O00303,C0155,Standing Desk,517.41,06-02-2025,pending
O00769,C0140,Tablet Stand,39.64,2023-07-21,pending
O00954,C0139,Monitor,,2024-09-25,pending
O00131,C0031,Laptop,2012.52,12-11-2024,Pending
O00768,C0114,Bluetooth Speaker,281.1,18/06/2023,Refunded
O00941,C0135,Earbuds,132.56,2023-01-06,completed
O00324,C0122,Chair Mat,150.43,01-10-2024,Complete
O00509,C0039,Surge Protector,140.77,17/10/2023,refunded
O00953,C0028,Monitor,354.06,2024-11-18,COMPLETED
O00418,C0153,Standing Desk,2510.98,03-20-2023,cancel
O00513,C0140,USB Cable,45.88,04-04-2023,cancelled
O00441,C0102,Surge Protector,,2023-12-26,pend
O00559,C0073,Notebook,20.67,2023-06-29,cancel
O00853,C0006,Standing Desk,2003.4,14/12/2024,Refunded
O00138,C0012,Pen Set,29.91,28/09/2024,cancel
O00910,C0034,Tablet Stand,122.96,2024-01-26,refunded
O00456,C0028,Pen Set,10.14,07-02-2025,pend
O00137,C0082,Webcam,79.28,2023-04-18,Refunded
O00371,C0083,Surge Protector,39.45,2025-03-04,refunded
O00652,C0169,HDMI Cable,70.67,12/01/2023,cancel
O00603,C0146,Mouse Pad,49.63,15/02/2023,Cancelled
O00204,C0150,Monitor,357.78,02-05-2025,PENDING
O00632,C0095,Phone Case,96.87,2024-04-04,REFUNDED
O00372,C0142,USB Cable,52.03,2024-10-21,cancelled
O00293,C0168,Keyboard,401.24,04-01-2024,canceled
O00984,C0139,Backpack,242.09,06-14-2025,refunded
O00425,C0022,Mouse Pad,61.13,24/11/2023,pending
O00177,C0068,Whiteboard,137.41,03-15-2025,refunded
O00915,C0176,Standing Desk,2519.24,09/11/2025,Cancelled
O00396,C0158,External SSD,,2024-04-23,done
O00579,C0032,Power Bank,79.67,2024-12-20,Pending
O00053,C0128,Standing Desk,1501.4,01/10/2025,canceled
O00213,C0031,Whiteboard,188.21,2023-11-05,pend
O00187,C0082,Surge Protector,25.17,29/10/2024,completed
O00296,C0030,HDMI Cable,66.94,2025-04-21,done
O00375,C0004,Headphones,618.17,08-16-2025,REFUNDED
O00577,C0020,Laptop,,2023-08-09,Refunded
O00811,C0050,Wireless Mouse,78.44,12-22-2023,Complete
O00777,C0151,Laptop,5014.58,11/11/2023,refund
O00173,C0167,Cable Organizer,31.05,,Pending
,,Phone Case,,,pending
O00969,C0172,Keyboard,246.62,2025-08-10,refunded
O00733,C0045,Keyboard,,06-15-2024,Refunded
O00081,C0163,Desk Lamp,81.3,16/05/2025,refunded
O00007,C0044,Mouse Pad,74.32,2024-05-11,refunded
O00023,C0103,Whiteboard,44.61,,Cancelled
O00807,C0165,Wireless Mouse,78.07,06-27-2025,done
O00997,C0067,Whiteboard,46.86,02-17-2023,refunded
O00411,C0106,Desk Lamp,173.6,2024-07-14,refunded
O00140,C0051,Surge Protector,153.96,,REFUNDED
O00058,C0129,Marker Set,51.11,2023-08-08,Completed
O00983,C0110,Mouse Pad,33.8,27/05/2025,COMPLETED
O00409,C0035,Backpack,131.39,20/11/2023,REFUNDED
O00724,C0036,Surge Protector,159.92,03-07-2024,pend
O00377,C0020,Headphones,747.38,2025-02-28,Completed
O00399,C0141,HDMI Cable,88.2,07/02/2023,Refunded
O00536,C0161,External SSD,136.5,11-12-2024,CANCELLED
O00927,C0004,Power Bank,,01-28-2023,done
O00883,C0079,Backpack,196.1,06-07-2023,cancelled
O00528,C0016,Webcam,137.76,2025-05-06,Completed
O00165,C0037,Cable Organizer,32.15,29/05/2023,Cancelled
O00162,C0146,Earbuds,129.06,10-05-2025,refunded
O00680,C0058,HDMI Cable,64.81,04-06-2023,done
O00183,C0100,Mouse Pad,67.1,08-30-2025,refunded
O00096,C0030,Phone Case,72.31,05-06-2025,Cancelled
O00557,C0174,Whiteboard,64.39,01/10/2025,Refunded
O00934,C0092,Keyboard,403.29,2023-06-23,COMPLETED
O00561,C0151,Power Bank,33.58,2024-11-17,refund
O00651,C0101,Notebook,48.18,,cancel
O00334,C0143,Backpack,239.86,03/11/2023,COMPLETED
O00016,C0106,Chair Mat,197.47,01-11-2023,COMPLETED
O00788,C0071,Tablet Stand,127.25,20/03/2024,REFUNDED
O00690,C0078,Surge Protector,,07-26-2024,done
O00612,C0038,Bluetooth Speaker,193.64,10/06/2025,cancelled
O00210,C0047,Desk Lamp,46.76,01-10-2024,cancelled
O00027,C0107,Marker Set,62.77,2024-03-23,cancelled
O00061,C0024,Pen Set,56.39,01-20-2023,refunded
O00235,C0124,HDMI Cable,32.18,10/05/2023,completed
O00469,C0104,USB Cable,26.53,2023-04-19,canceled
O00645,C0081,Surge Protector,126.05,2025-06-20,pending
O00405,C0061,Mouse Pad,51.27,2025-03-03,Pending
O00881,C0014,Surge Protector,96.66,05-06-2025,cancel
O00025,C0016,Whiteboard,51.62,10-26-2025,refunded
O00060,C0118,Earbuds,139.74,06-15-2023,pending
O00435,C0179,Headphones,746.4,29/06/2023,PENDING
O00567,C0067,Tablet Stand,119.32,02-03-2025,completed
O00644,C0093,Backpack,197.54,06-24-2024,COMPLETED
O00895,C0042,USB Cable,,2024-02-11,pending
O00595,C0140,Laptop,1019.76,01/09/2023,Cancelled
O00729,C0179,Laptop,1006.56,2025-06-29,completed
O00150,C0032,Laptop,1015.75,2023-09-25,canceled
O00512,C0017,Headphones,603.39,03/04/2025,refund
O00959,C0021,Tablet Stand,43.81,03-17-2024,COMPLETED
O00866,C0053,Tablet Stand,47.18,2023-03-13,Refunded
O00083,C0180,Standing Desk,2510.9,05-23-2024,COMPLETED
O00307,C0002,Pen Set,38.17,2025-01-11,refund
O00700,C0068,Earbuds,250.87,09-29-2025,COMPLETED
O00067,C0014,Monitor,1400.76,,Pending
O00773,C0102,Bluetooth Speaker,193.06,04-23-2024,REFUNDED
O00188,C0180,Power Bank,183.01,2025-04-28,refund
O00732,C0029,Webcam,357.46,02-01-2024,refund
O00359,C0019,Standing Desk,1999.5,27/05/2024,refunded
O00451,C0086,External SSD,117.57,2024-10-01,PENDING
O00553,C0130,Chair Mat,156.82,10-29-2023,cancel
O00197,C0009,External SSD,137.94,15/07/2024,Refunded
O00453,C0039,Phone Case,57.83,2025-11-18,canceled
O00725,C0175,Chair Mat,169.46,2024-07-13,pend
O00932,C0007,Bluetooth Speaker,364.59,2024-08-10,Cancelled
O00459,C0037,Power Bank,122.79,07/11/2024,completed
O00329,C0033,Wireless Mouse,164.93,03-08-2023,COMPLETED
O00552,C0128,Cable Organizer,50.67,2023-11-16,REFUNDED
O00414,C0167,Notebook,28.28,2023-10-09,pending
O00238,C0157,Wireless Mouse,41.07,19/08/2025,cancelled
O00838,C0084,Whiteboard,180.8,16/06/2023,refunded
O00757,C0174,USB Cable,51.33,2024-11-24,Completed
O00391,C0130,Keyboard,165.78,2023-10-31,refunded
O00666,C0078,Power Bank,178.97,19/03/2025,done
O00996,C0048,Bluetooth Speaker,182.4,05-17-2024,Cancelled
O00370,C0001,Cable Organizer,84.43,02-08-2023,Completed
O00643,C0136,Backpack,121.49,19/09/2023,Pending
O00242,C0001,Keyboard,419.03,11-07-2025,cancel
O00978,C0083,Whiteboard,130.32,30/10/2023,refunded
O00864,C0136,HDMI Cable,22.96,2023-09-12,refunded
O00550,C0082,Earbuds,126.0,02-25-2024,pend
O00039,C0113,Bluetooth Speaker,450.38,2023-04-26,PENDING
O00168,C0097,Desk Lamp,118.15,03-12-2025,pend
O00419,C0011,Bluetooth Speaker,458.4,03-22-2023,pending
O00474,C0117,Marker Set,63.21,07-19-2025,cancel
O00132,C0043,Notebook,25.72,2023-08-30,CANCELLED
O00241,C0081,Monitor,,06/04/2025,REFUNDED
O00806,C0063,Power Bank,31.49,2024-08-30,Complete
O00665,C0005,Laptop,3997.88,04/09/2025,refunded
O00497,C0068,Phone Case,76.69,02-15-2024,refunded
O00818,C0096,HDMI Cable,78.1,03/02/2025,refund
O00358,C0096,External SSD,123.25,2023-10-27,Cancelled
O00385,C0040,USB Cable,34.15,22/04/2024,cancelled
O00514,C0031,Webcam,153.92,01-27-2025,Completed
O00801,C0057,Keyboard,251.22,2023-05-18,refunded
O00694,C0152,Webcam,155.79,05-15-2025,pending
O00368,C0076,Standing Desk,1999.7,13/12/2024,Pending
O00985,C0023,Monitor,361.23,2025-04-22,REFUNDED
O00186,C0033,Wireless Mouse,116.92,02-18-2024,Pending
O00523,C0138,Phone Case,54.62,2023-08-26,cancel
O00120,C0018,Mouse Pad,55.16,20/06/2025,done
O00036,C0119,Whiteboard,230.55,2024-04-15,done
O00758,C0095,Notebook,30.51,06-07-2025,done
O00767,C0116,External SSD,485.18,11/10/2024,COMPLETED
O00975,C0048,Wireless Mouse,47.36,2024-08-31,CANCELLED
O00485,C0153,USB Cable,53.78,2025-02-23,COMPLETED
O00664,C0048,Headphones,296.94,06-15-2024,REFUNDED
O00229,C0068,External SSD,117.49,22/03/2023,pend
O00167,C0167,Chair Mat,112.66,2024-12-31,COMPLETED
O00390,C0129,Marker Set,16.81,15/03/2025,refund
O00009,C0016,Marker Set,25.95,09-06-2025,COMPLETED
O00078,C0082,Desk Lamp,179.15,29/10/2024,Cancelled
O00991,C0050,Power Bank,155.67,2025-05-28,Cancelled
O00436,C0110,Power Bank,106.46,2024-12-25,refunded
O00100,C0126,Phone Case,29.12,27/03/2024,Completed
O00443,C0086,External SSD,,09-05-2024,pend
O00890,C0101,Headphones,468.2,2025-11-21,refunded
O00620,C0100,Surge Protector,74.37,2023-08-07,Pending
O00269,C0083,Mouse Pad,30.7,01-16-2023,Complete
O00761,C0162,Webcam,156.27,2025-09-28,refunded
O00804,C0171,HDMI Cable,18.37,08/07/2025,Completed
O00718,C0119,Standing Desk,,2024-04-23,refund
O00589,C0017,Notebook,15.45,2025-04-07,CANCELLED
O00107,C0174,Monitor,719.05,02/05/2023,done
O00119,C0081,Notebook,16.4,09-30-2023,done
O00618,C0102,Surge Protector,56.88,2025-10-21,refund
O00400,C0012,Webcam,136.48,2024-07-09,completed
O00493,C0065,Headphones,145.58,03-20-2024,refunded
O00099,C0099,Standing Desk,2511.28,04/10/2025,cancel
O00382,C0141,Surge Protector,87.97,2025-03-24,PENDING
O00842,C0028,Backpack,59.0,24/02/2025,Pending
O00189,C0150,Cable Organizer,34.11,26/07/2023,canceled
O00253,C0167,Phone Case,108.51,25/08/2023,refund
O00613,C0163,Headphones,601.63,25/11/2023,Completed
O00715,C0174,Phone Case,30.35,02-25-2023,Cancelled
O00923,C0162,Cable Organizer,62.85,07/06/2025,refunded
O00246,C0028,Webcam,349.85,2025-03-15,Complete
O00244,C0169,Notebook,21.81,2024-03-30,PENDING
O00299,C0124,Phone Case,55.74,01-08-2024,Pending
O00580,C0149,Notebook,16.98,05-10-2024,refunded
O00088,C0088,External SSD,248.01,19/07/2023,cancel
O00124,C0133,Power Bank,174.67,2023-04-22,refunded
O00073,C0022,Surge Protector,157.58,12-14-2023,done
O00278,C0079,Headphones,450.26,2025-11-15,Completed
O00868,C0076,Whiteboard,231.07,10-02-2024,canceled
O00880,C0003,Whiteboard,237.78,20/10/2023,Pending
O00914,C0179,USB Cable,26.11,01-25-2024,refunded
O00885,C0174,Mouse Pad,30.97,,Complete
O00610,C0148,HDMI Cable,41.5,15/08/2025,REFUNDED
O00398,C0079,External SSD,475.53,2024-03-09,Pending
,,Earbuds,,,pending
O00712,C0114,Keyboard,410.12,03/04/2023,completed
O00248,C0130,USB Cable,35.07,06-05-2025,Refunded
O00670,C0121,Laptop,4009.59,2025-03-13,refunded
O00154,C0045,Notebook,29.69,2025-07-02,Completed
O00347,C0135,Phone Case,15.87,28/10/2024,REFUNDED
O00837,C0132,Backpack,115.06,2024-10-21,pending
O00719,C0173,Monitor,714.05,15/09/2023,cancel
O00228,C0039,Keyboard,396.83,06-08-2024,PENDING
O00259,C0142,Wireless Mouse,43.58,2025-06-26,canceled
O00013,C0098,Pen Set,57.84,2024-08-17,cancelled
O00916,C0103,Power Bank,,03-22-2024,Refunded
O00751,C0178,Marker Set,45.95,11-18-2024,pend
O00311,C0026,Headphones,754.96,2023-04-17,completed
O00127,C0004,Webcam,,03-26-2025,Refunded
O00855,C0014,Marker Set,33.41,09/10/2023,PENDING
O00481,C0145,Webcam,80.72,04-16-2023,completed
O00906,C0072,Notebook,25.13,,pend
O00563,C0036,Headphones,315.79,2025-10-01,PENDING
O00431,C0168,Notebook,,03/09/2024,pending
O00902,C0122,Marker Set,21.52,2024-01-07,refund
O00059,C0050,Power Bank,176.26,2025-03-23,Cancelled
,,Power Bank,,,pending
O00706,C0107,HDMI Cable,77.69,22/11/2024,done
O00332,C0094,Phone Case,85.56,01/02/2025,Pending
O00674,C0115,Marker Set,31.48,29/01/2024,Completed
O00800,C0028,Notebook,17.31,2024-10-09,cancel
O00898,C0129,Surge Protector,110.25,2023-02-13,Refunded
O00115,C0024,Tablet Stand,76.23,2023-12-05,PENDING
O00384,C0081,Laptop,3017.95,2023-11-13,canceled
O00556,C0150,Mouse Pad,38.51,2024-02-05,cancel
O00901,C0048,Bluetooth Speaker,284.14,05-21-2024,Complete
O00416,C0053,Keyboard,178.16,09-30-2025,cancel
O00265,C0024,Notebook,29.06,09/11/2024,Refunded
O00874,C0098,Laptop,5001.14,08-14-2023,cancelled
O00887,C0176,Power Bank,45.17,2024-04-05,done
O00262,C0150,Webcam,73.25,2023-11-14,pend
O00412,C0034,Phone Case,34.05,06-30-2024,Completed
O00476,C0069,Backpack,,03-19-2023,canceled
O00519,C0090,Backpack,68.93,07-15-2023,REFUNDED
O00691,C0180,Pen Set,63.06,06-24-2025,Cancelled
O00656,C0080,Whiteboard,223.23,01-22-2025,cancel
O00743,C0144,Wireless Mouse,106.22,2025-04-21,completed
O00537,C0070,Marker Set,53.51,06-15-2023,pending
O00548,C0124,Notebook,,24/12/2024,COMPLETED
O00305,C0026,Backpack,121.34,21/06/2023,REFUNDED
O00850,C0154,Chair Mat,157.53,07-14-2024,Complete
O00608,C0167,Desk Lamp,215.05,2024-10-03,Pending
O00417,C0064,Backpack,254.37,02-18-2025,refund
O00029,C0052,Earbuds,298.7,2025-06-23,refund
O00755,C0162,Earbuds,,10/02/2024,Pending
O00972,C0082,Earbuds,79.69,08/05/2023,refunded
O00236,C0174,Mouse Pad,73.04,11-23-2024,refunded
O00750,C0014,Backpack,179.86,2024-02-17,refunded
O00354,C0073,Tablet Stand,140.17,2023-05-21,refunded
O00585,C0143,Surge Protector,25.05,27/02/2025,PENDING
O00207,C0170,Chair Mat,113.01,28/08/2024,Cancelled
O00065,C0020,Desk Lamp,89.08,03-07-2025,pend
O00918,C0044,Bluetooth Speaker,98.33,31/10/2023,Pending
O00568,C0067,Phone Case,96.41,05/10/2023,Pending
O00448,C0130,Laptop,4017.58,27/11/2024,Refunded
O00290,C0060,Keyboard,,02-28-2024,canceled
O00504,C0021,External SSD,371.16,22/03/2023,PENDING
O00318,C0058,Power Bank,76.35,10/01/2023,Refunded
O00924,C0024,HDMI Cable,36.46,2023-12-27,COMPLETED
O00574,C0030,USB Cable,16.98,2025-01-12,Refunded
O00263,C0153,Wireless Mouse,166.03,2025-01-03,pend
O00754,C0048,Laptop,2995.22,2023-08-24,Complete
O00774,C0120,Surge Protector,115.48,20/01/2024,CANCELLED
O00380,C0169,Phone Case,119.91,22/12/2024,pend
O00942,C0093,Standing Desk,2018.9,03/05/2023,done
O00388,C0090,Backpack,258.22,04-09-2024,completed
O00046,C0014,Webcam,291.8,2023-05-30,refund
O00365,C0041,HDMI Cable,27.14,2023-05-03,done
O00533,C0116,HDMI Cable,27.06,2025-04-12,PENDING
O00287,C0121,Tablet Stand,54.13,2024-08-18,Refunded
O00015,C0028,Power Bank,,04-07-2024,refunded
O00723,C0150,Mouse Pad,32.11,24/05/2023,refunded
O00816,C0142,Surge Protector,57.41,17/07/2025,refunded
O00216,C0023,USB Cable,55.79,28/05/2025,pending
O00462,C0078,Standing Desk,2004.98,05-14-2024,refunded
O00865,C0047,Power Bank,65.11,2024-10-05,refund
O00534,C0062,Tablet Stand,20.39,11-28-2023,refund
O00240,C0104,Bluetooth Speaker,96.47,2025-07-06,cancel
O00184,C0077,Keyboard,337.53,10-25-2025,refund
O00686,C0093,Tablet Stand,48.77,2025-05-13,CANCELLED
O00728,C0138,Laptop,4011.77,02-09-2025,COMPLETED
O00161,C0046,Bluetooth Speaker,452.9,,canceled
O00843,C0171,HDMI Cable,26.63,2025-10-04,pend
O00227,C0177,HDMI Cable,,2023-07-02,refunded
O00498,C0028,USB Cable,64.17,06/08/2023,refunded
O00826,C0037,Webcam,158.23,2024-09-22,refunded
O00747,C0048,Bluetooth Speaker,,09-30-2024,canceled
O00627,C0126,HDMI Cable,78.12,2025-05-15,Pending
O00956,C0080,Laptop,3013.76,2025-10-21,Cancelled
O00094,C0136,Tablet Stand,84.89,22/08/2023,cancel
O00631,C0116,HDMI Cable,31.5,01/11/2024,CANCELLED
O00237,C0111,Whiteboard,97.03,2025-02-27,REFUNDED
O00873,C0096,Earbuds,310.07,11/11/2023,CANCELLED
O00654,C0141,Power Bank,137.27,06/05/2024,Complete
O00153,C0013,Phone Case,105.78,2025-10-13,CANCELLED
O00044,C0119,Wireless Mouse,155.27,02/10/2023,Complete
O00437,C0134,Surge Protector,119.27,04-21-2024,Complete
O00397,C0022,Monitor,351.07,,refunded
O00386,C0147,Pen Set,82.9,26/10/2024,refund
O00284,C0079,HDMI Cable,72.67,17/06/2023,done
O00650,C0107,Keyboard,174.19,2024-11-04,refunded
O00070,C0163,USB Cable,42.88,11/01/2023,Pending
O00429,C0156,HDMI Cable,30.4,18/07/2025,completed
O00649,C0145,Whiteboard,225.26,01-09-2023,COMPLETED
O00350,C0106,Webcam,,07/10/2023,REFUNDED
O00859,C0063,Wireless Mouse,31.01,12-20-2023,cancelled
O00796,C0014,Power Bank,31.21,2024-02-18,Completed
O00166,C0151,Monitor,1052.51,11-19-2023,refunded
O00404,C0079,Chair Mat,204.79,12-11-2024,PENDING
O00224,C0178,Whiteboard,47.52,07-06-2024,done
O00289,C0046,Earbuds,311.44,17/09/2025,refunded
O00089,C0082,Keyboard,236.09,16/02/2023,COMPLETED
O00160,C0137,Surge Protector,42.09,06/03/2025,COMPLETED
O00779,C0146,External SSD,357.3,2023-12-30,refunded
O00639,C0083,Marker Set,48.13,05-16-2025,cancelled
O00677,C0171,HDMI Cable,29.31,2025-10-04,refunded
O00793,C0042,Phone Case,30.16,09-12-2023,COMPLETED
O00911,C0020,Standing Desk,2503.52,02-18-2024,pending
O00217,C0137,Headphones,468.72,2024-01-26,Completed
O00946,C0021,Bluetooth Speaker,85.3,2025-05-02,refunded
O00731,C0093,Wireless Mouse,97.29,2024-03-04,Cancelled
O00962,C0040,Earbuds,,09-25-2024,cancelled
O00824,C0133,Headphones,599.11,09-10-2024,Cancelled
O00957,C0092,USB Cable,13.27,2025-10-28,done
O00817,C0019,Chair Mat,112.85,,Refunded
O00655,C0042,Pen Set,54.08,2023-11-12,CANCELLED
O00554,C0087,Marker Set,22.28,10-13-2023,PENDING
O00958,C0007,Earbuds,246.88,18/03/2023,cancel
O00042,C0127,Wireless Mouse,108.51,10-14-2024,done
O00300,C0043,Surge Protector,102.03,2023-05-21,done
O00475,C0099,Notebook,11.62,10-17-2025,Refunded
O00998,C0029,External SSD,598.02,2024-06-20,refunded
O00376,C0107,Notebook,21.58,03-25-2023,PENDING
O00074,C0069,Desk Lamp,,09/06/2025,refunded
O00139,C0003,Notebook,14.27,11/05/2024,refunded
O00635,C0031,Laptop,5005.83,07-18-2025,Completed
O00749,C0003,Mouse Pad,71.39,05-01-2024,REFUNDED
O00702,C0117,HDMI Cable,28.65,2025-01-26,CANCELLED
O00738,C0177,Backpack,77.91,05/11/2024,refunded
O00394,C0064,Bluetooth Speaker,91.65,2023-07-03,CANCELLED
O00492,C0018,Laptop,3997.4,02/07/2025,PENDING
O00258,C0061,Mouse Pad,,20/02/2025,pend
O00596,C0114,External SSD,115.81,09-12-2024,CANCELLED
O00522,C0054,Backpack,183.33,2025-07-17,pending
O00180,C0126,Whiteboard,132.25,14/01/2024,canceled
O00667,C0004,Headphones,165.39,2024-01-21,done
O00129,C0131,Headphones,308.39,16/05/2023,Completed
O00026,C0164,Desk Lamp,130.34,01/10/2023,canceled
O00001,C0019,Pen Set,71.21,2023-09-01,Cancelled
O00478,C0157,Keyboard,166.79,06-09-2023,refund
O00339,C0045,Cable Organizer,51.85,09-25-2025,cancelled
O00987,C0142,Pen Set,12.88,12/09/2023,cancel
O00879,C0047,Notebook,38.74,04/04/2025,Pending
O00003,C0011,Wireless Mouse,28.42,08-28-2025,Refunded
O00980,C0025,Wireless Mouse,73.62,12-07-2023,canceled
O00518,C0157,Marker Set,18.9,06-30-2023,PENDING
O00028,C0135,External SSD,612.54,2023-08-18,Refunded
O00064,C0145,Whiteboard,44.47,2023-02-02,Cancelled
O00710,C0022,Headphones,758.5,23/01/2024,completed
O00423,C0007,Phone Case,89.72,18/02/2024,pend
O00145,C0101,Marker Set,29.92,2023-06-02,refund
O00614,C0104,Bluetooth Speaker,,27/09/2024,CANCELLED
O00021,C0070,Headphones,153.26,06-10-2024,pend
O00659,C0127,Mouse Pad,57.05,12/06/2023,done
O00008,C0049,Laptop,4002.8,22/02/2024,refunded
O00546,C0060,Mouse Pad,41.26,30/10/2024,Refunded
O00669,C0038,HDMI Cable,55.51,11-09-2023,refunded
O00034,C0115,Pen Set,48.97,09-30-2023,refunded
O00717,C0153,Earbuds,127.3,2025-02-27,pend
O00250,C0130,Pen Set,71.45,23/05/2024,pend
O00156,C0108,Headphones,751.18,09/02/2023,canceled
O00084,C0166,Power Bank,44.07,29/03/2025,CANCELLED
O00573,C0158,Marker Set,61.1,22/08/2023,cancelled
O00286,C0149,Earbuds,254.19,03-17-2023,REFUNDED
O00683,C0053,Notebook,25.19,02/11/2025,refunded
O00875,C0085,Tablet Stand,29.06,2024-07-13,Completed
O00268,C0007,Mouse Pad,43.83,2025-09-23,Complete
O00701,C0037,Mouse Pad,31.1,11-17-2025,Complete
O00689,C0170,Tablet Stand,,30/11/2025,REFUNDED
O00860,C0119,Tablet Stand,101.84,2025-01-22,cancelled
O00076,C0028,USB Cable,25.14,17/02/2025,CANCELLED
O00351,C0003,Marker Set,54.63,19/01/2023,Completed
O00256,C0074,Whiteboard,,2024-08-27,pending
O00809,C0088,Bluetooth Speaker,188.46,05-23-2024,Completed
O00057,C0137,Standing Desk,1995.26,07-16-2024,completed
O00148,C0056,Chair Mat,97.26,29/12/2024,PENDING
O00944,C0015,Surge Protector,53.91,21/10/2023,CANCELLED
O00471,C0104,Pen Set,60.59,2025-08-30,Cancelled
O00406,C0058,USB Cable,47.4,06-29-2023,Completed
O00856,C0038,Headphones,315.09,19/01/2023,refund
O00233,C0167,Phone Case,18.3,2023-11-23,refund
O00891,C0015,Notebook,16.38,,COMPLETED
O00695,C0096,Webcam,,13/09/2023,completed
O00063,C0055,Marker Set,,06-02-2023,REFUNDED
O00314,C0045,Tablet Stand,105.93,27/11/2025,Refunded
O00428,C0052,Laptop,,16/10/2025,completed
O00819,C0019,Backpack,79.8,2023-11-29,Pending
O00539,C0094,Phone Case,112.57,2024-02-24,Completed
O00267,C0011,Whiteboard,139.5,21/08/2023,PENDING
O00297,C0147,Earbuds,118.35,2023-10-28,COMPLETED
O00671,C0162,Marker Set,55.45,2024-08-18,refunded
O00795,C0173,Standing Desk,,30/07/2023,cancel
O00159,C0136,Notebook,49.94,2023-07-25,Pending
O00736,C0120,HDMI Cable,,2024-04-04,CANCELLED
O00555,C0007,Pen Set,80.97,09/07/2023,Complete
O00845,C0112,Bluetooth Speaker,181.46,2023-08-17,refund
O00624,C0065,Standing Desk,2002.69,01-13-2025,Completed
O00201,C0069,Tablet Stand,107.79,19/01/2023,COMPLETED
O00930,C0042,Desk Lamp,126.94,07-01-2024,completed
O00455,C0080,Power Bank,,01/03/2023,pending
O00179,C0044,Tablet Stand,94.4,25/08/2023,refunded
O00505,C0179,Pen Set,23.76,06-23-2023,Complete
O00707,C0036,Mouse Pad,62.0,11-02-2023,CANCELLED
O00136,C0099,USB Cable,38.26,2025-05-08,CANCELLED
O00090,C0063,Mouse Pad,32.78,23/05/2025,Cancelled
O00270,C0176,Backpack,60.13,06-10-2025,cancelled
O00449,C0080,Cable Organizer,46.55,11-23-2025,Complete
O00491,C0173,Earbuds,127.98,04/01/2024,completed
O00231,C0085,Notebook,42.84,10/07/2023,COMPLETED
O00468,C0146,Whiteboard,152.93,2024-12-06,Refunded
O00904,C0110,Laptop,4999.94,17/02/2025,Completed
O00919,C0014,Tablet Stand,69.72,2023-08-26,canceled
O00348,C0070,Standing Desk,1998.34,12-29-2023,refund
O00684,C0040,Tablet Stand,78.34,18/02/2024,completed
O00450,C0010,External SSD,492.8,09/01/2023,cancelled
O00141,C0089,Tablet Stand,,02-09-2025,refunded
O00778,C0101,Pen Set,,2025-03-02,pend
O00056,C0056,Mouse Pad,52.29,09-16-2025,completed
O00835,C0092,Chair Mat,45.07,04-02-2025,done
O00387,C0025,Power Bank,100.9,2025-02-20,pend
O00625,C0114,Pen Set,30.73,07/06/2024,Completed
O00092,C0116,Earbuds,244.68,26/02/2024,cancelled
O00212,C0119,Monitor,1396.3,26/05/2023,Refunded
O00369,C0154,Standing Desk,996.7,28/08/2024,cancel
O00681,C0177,Mouse Pad,71.69,15/06/2025,refunded
O00251,C0076,External SSD,238.43,15/11/2025,REFUNDED
O00032,C0056,Earbuds,56.12,05-11-2023,cancelled
O00510,C0159,Wireless Mouse,72.51,12-19-2023,PENDING
O00366,C0180,Standing Desk,498.14,12/12/2024,completed
O00571,C0025,Standing Desk,2503.74,10-08-2023,refunded
O00594,C0127,External SSD,242.32,30/10/2025,REFUNDED
O00421,C0157,Wireless Mouse,167.54,2025-07-14,refunded
O00730,C0072,Whiteboard,134.76,09-12-2024,refunded
O00566,C0008,Monitor,1057.3,01-10-2025,CANCELLED
O00739,C0008,HDMI Cable,75.16,15/11/2024,refunded
O00116,C0180,Cable Organizer,37.71,2023-07-14,cancelled
O00999,C0093,Headphones,597.48,2025-04-27,cancelled
O00634,C0013,Pen Set,70.67,02/07/2023,refund
O00792,C0125,External SSD,117.05,2025-06-15,Pending
O00708,C0100,Bluetooth Speaker,,06-26-2025,cancelled
O00933,C0176,Marker Set,16.29,2024-04-04,PENDING
O00470,C0029,Desk Lamp,40.87,03-18-2025,Cancelled
O00977,C0100,Laptop,5014.53,06-09-2023,done
O00900,C0123,Desk Lamp,127.12,05-22-2024,Refunded
O00499,C0009,Keyboard,89.27,2025-07-02,done
O00264,C0135,Bluetooth Speaker,188.0,23/11/2023,Cancelled
O00360,C0064,Pen Set,53.14,12/02/2024,refunded
O00503,C0086,Whiteboard,139.99,05/07/2023,pend
O00907,C0055,Desk Lamp,161.96,2025-06-01,refunded
O00344,C0180,Surge Protector,28.25,2023-07-15,refunded
O00968,C0040,Monitor,1054.37,2023-05-30,cancel
O00103,C0109,Monitor,702.42,10/07/2025,cancelled
O00584,C0105,Monitor,1048.06,06/10/2023,PENDING
O00812,C0061,Mouse Pad,17.65,12-03-2023,CANCELLED
O00903,C0162,Tablet Stand,50.71,20/03/2023,done
O00863,C0084,Keyboard,399.57,10/02/2023,REFUNDED
O00538,C0132,Whiteboard,152.17,18/01/2025,canceled
O00234,C0124,Earbuds,239.49,,done
O00298,C0133,Pen Set,84.18,2024-08-03,refunded
O00018,C0023,Tablet Stand,125.76,2023-03-18,COMPLETED
O00047,C0172,Standing Desk,1006.96,12/11/2024,completed
O00839,C0169,Marker Set,22.35,02-04-2024,Refunded
O00484,C0067,Marker Set,25.1,09/03/2023,done
O00254,C0147,Whiteboard,191.82,08/08/2024,Refunded
O00501,C0148,Laptop,5012.64,06/09/2025,cancelled
O00002,C0096,Chair Mat,268.42,02-12-2024,Refunded
O00569,C0093,Backpack,176.19,06-07-2023,COMPLETED
O00647,C0011,External SSD,379.69,26/07/2025,done
O00871,C0020,Standing Desk,1501.49,01/12/2023,Pending
O00578,C0152,Wireless Mouse,117.93,16/05/2023,refunded
O00079,C0094,Monitor,1749.95,01-04-2024,completed
O00711,C0031,Whiteboard,,2024-02-26,refund
O00182,C0179,Whiteboard,42.13,04-27-2025,pending
O00862,C0152,Phone Case,87.06,07/06/2025,refunded
O00343,C0151,Mouse Pad,53.31,2023-02-17,Pending
O00439,C0012,Chair Mat,158.98,01-24-2023,PENDING
O00486,C0054,Earbuds,176.33,2023-08-26,Cancelled
O00697,C0173,USB Cable,47.95,11-02-2024,canceled
O00146,C0028,USB Cable,9.1,2025-04-12,Complete
O00467,C0137,Desk Lamp,170.35,02-26-2024,PENDING
O00341,C0108,Tablet Stand,134.24,2023-05-27,Completed
O00727,C0002,Laptop,2005.31,28/09/2025,cancelled
O00171,C0064,Marker Set,12.75,2023-01-03,CANCELLED
O00797,C0052,Keyboard,85.53,2024-11-21,cancelled
O00323,C0064,Desk Lamp,44.96,2024-12-01,COMPLETED
O00737,C0137,External SSD,355.1,06-17-2023,Completed
O00604,C0083,Earbuds,75.2,26/02/2024,pend
O00313,C0156,Wireless Mouse,138.23,08-09-2024,pending
O00489,C0136,Whiteboard,42.42,25/12/2024,Pending
O00516,C0021,Laptop,999.48,04/08/2024,refunded
O00190,C0106,Webcam,291.33,2025-08-26,Cancelled
O00097,C0109,Phone Case,90.85,12-21-2023,PENDING
O00004,C0036,Chair Mat,252.91,09-04-2024,Refunded
O00587,C0174,Notebook,7.3,04/08/2023,cancelled
O00295,C0165,Webcam,138.74,08-31-2023,pend
,,Whiteboard,,,pending
O00209,C0176,Standing Desk,2017.62,04/11/2025,REFUNDED
O00831,C0071,Keyboard,235.71,09-20-2025,completed
O00703,C0029,Monitor,,2023-11-10,canceled
O00951,C0057,Pen Set,41.54,06-08-2023,pend
O00964,C0091,Keyboard,79.47,12/06/2024,cancel
O00970,C0102,Cable Organizer,63.95,11/10/2024,refunded
O00899,C0004,Cable Organizer,28.28,05-29-2025,CANCELLED
O00981,C0054,Headphones,768.83,2025-01-15,PENDING
O00402,C0060,Pen Set,84.37,08/10/2024,REFUNDED
O00415,C0105,Cable Organizer,34.13,03-31-2024,Complete
O00713,C0088,Backpack,125.35,11/10/2024,refunded
O00896,C0035,Pen Set,65.56,11-25-2023,refunded
O00104,C0113,Monitor,700.23,12-19-2024,CANCELLED
O00545,C0034,HDMI Cable,50.47,13/02/2023,completed
O00858,C0046,Wireless Mouse,49.5,2025-06-07,Cancelled
O00245,C0141,Mouse Pad,,03/12/2023,CANCELLED
O00273,C0111,Chair Mat,54.73,01-13-2023,cancelled
O00884,C0043,Earbuds,57.1,2025-10-06,CANCELLED
O00037,C0071,Headphones,145.8,2023-02-02,refunded
O00789,C0032,Notebook,19.87,29/10/2024,Pending
O00889,C0139,Cable Organizer,18.24,,refund
O00756,C0045,Chair Mat,251.1,27/12/2023,completed
O00748,C0080,Earbuds,314.34,09-24-2024,canceled
O00255,C0028,Laptop,3998.59,14/02/2024,COMPLETED
O00052,C0149,Surge Protector,114.34,16/04/2024,Completed
O00112,C0055,HDMI Cable,48.04,09-25-2023,pend
O00925,C0166,Desk Lamp,42.74,03-18-2025,cancelled
O00532,C0012,Wireless Mouse,133.3,05-21-2025,refunded
O00776,C0003,HDMI Cable,48.47,04-06-2025,pend
O00543,C0049,External SSD,116.99,2024-08-13,Pending
O00283,C0064,Bluetooth Speaker,361.88,10/11/2024,canceled
O00609,C0160,Mouse Pad,59.75,02-08-2023,COMPLETED
O00181,C0048,External SSD,121.57,08/04/2024,done
O00805,C0129,Earbuds,60.81,12/09/2023,CANCELLED
O00194,C0069,Surge Protector,122.08,2025-06-23,CANCELLED
O00955,C0062,Webcam,89.41,2025-09-17,cancelled
O00199,C0151,Standing Desk,1503.58,06-13-2024,cancelled
O00433,C0010,Keyboard,243.04,19/05/2023,cancelled
O00392,C0147,Surge Protector,36.69,03-27-2025,done
O00832,C0016,Webcam,81.62,2023-03-27,completed
O00101,C0138,Desk Lamp,94.5,10-11-2025,refund
O00379,C0180,Whiteboard,197.03,01-05-2024,pend
O00280,C0019,Desk Lamp,41.26,24/09/2025,Completed
O00452,C0164,Headphones,449.98,15/10/2024,Pending
O00055,C0172,Wireless Mouse,35.3,2024-04-18,completed
O00342,C0081,Chair Mat,162.73,20/03/2025,canceled
O00521,C0176,HDMI Cable,59.37,2023-03-30,PENDING
O00641,C0002,Webcam,360.44,03-19-2025,REFUNDED
O00515,C0149,Wireless Mouse,57.48,,refunded
O00407,C0107,Bluetooth Speaker,448.77,05/11/2024,Complete
O00155,C0166,Desk Lamp,165.26,2023-05-05,done
O00698,C0117,Monitor,712.77,2023-06-17,done
O00442,C0173,HDMI Cable,74.89,2025-09-13,REFUNDED
O00363,C0029,Bluetooth Speaker,363.07,07-19-2024,Completed
O00087,C0124,Monitor,1055.37,08-26-2023,PENDING
O00564,C0150,Desk Lamp,168.94,2023-02-24,PENDING
O00122,C0099,Notebook,26.82,07-21-2024,REFUNDED
O00272,C0143,Keyboard,415.49,14/04/2025,Cancelled
O00892,C0103,Notebook,3.52,06-23-2023,done
O00878,C0073,Standing Desk,1510.16,16/12/2023,Cancelled
O00893,C0106,Monitor,1395.13,2024-05-27,canceled
O00488,C0122,Webcam,148.24,14/08/2024,pend
O00770,C0140,Headphones,449.89,09-11-2024,Pending
O00274,C0150,Wireless Mouse,33.93,08-16-2024,cancelled
O00192,C0122,Webcam,205.48,12/09/2024,refunded
O00848,C0134,Whiteboard,234.72,01-19-2023,pend
O00798,C0057,Monitor,,2025-11-15,pend
O00721,C0138,Backpack,,08-09-2025,COMPLETED
O00113,C0175,Cable Organizer,12.14,2025-07-30,COMPLETED
O00110,C0104,Mouse Pad,48.34,20/07/2025,completed
O00808,C0072,Chair Mat,58.01,2024-08-13,pend
O00151,C0176,Tablet Stand,34.55,2023-06-03,Complete
O00105,C0043,Power Bank,84.6,05-02-2023,Pending
O00720,C0022,Tablet Stand,125.04,02-03-2025,Completed
O00315,C0133,Marker Set,28.36,2025-01-06,COMPLETED
O00169,C0157,Bluetooth Speaker,447.55,11-09-2024,canceled
O00922,C0168,Webcam,358.72,27/03/2024,refund
O00849,C0038,Desk Lamp,87.48,2024-08-03,pending
O00071,C0027,USB Cable,9.67,15/11/2025,cancelled
O00692,C0051,Desk Lamp,35.91,09-16-2023,PENDING
O00787,C0118,Pen Set,38.44,2023-03-31,COMPLETED
O00208,C0100,Surge Protector,37.57,24/01/2024,Completed
O00526,C0125,Wireless Mouse,118.58,2025-07-20,done
O00636,C0053,Headphones,452.17,24/09/2023,Complete
O00823,C0004,Monitor,361.1,03-25-2025,cancelled
O00693,C0055,Keyboard,408.74,,REFUNDED
O00373,C0012,USB Cable,36.82,2025-09-21,refund
O00225,C0108,Monitor,1762.92,2023-08-22,Complete
O00134,C0015,HDMI Cable,74.12,07-30-2023,refunded
O00109,C0148,Tablet Stand,85.67,06-04-2023,cancelled
O00517,C0178,USB Cable,18.56,11/07/2025,COMPLETED
O00158,C0082,Power Bank,65.71,2024-07-29,refunded
O00672,C0132,Earbuds,318.33,2025-09-26,Refunded
O00465,C0084,Standing Desk,515.54,2025-04-11,Cancelled
O00931,C0012,Monitor,1752.37,,Completed
O00784,C0071,Headphones,169.77,03-28-2025,Refunded
O00527,C0118,Surge Protector,66.78,19/02/2024,refund
O00722,C0001,Wireless Mouse,121.79,17/02/2025,Complete
O00605,C0043,Power Bank,109.05,10-14-2025,cancelled
O00214,C0105,Earbuds,238.54,2024-01-05,COMPLETED
O00349,C0112,Mouse Pad,62.69,2024-04-10,canceled
O00765,C0109,Pen Set,63.88,06-05-2024,cancelled
O00926,C0037,Keyboard,321.09,2025-04-04,done
O00193,C0179,Whiteboard,64.3,09-07-2024,pend
O00857,C0027,Whiteboard,94.39,2023-12-11,refunded
O00480,C0147,Surge Protector,89.5,26/08/2024,PENDING
O00979,C0173,Backpack,,2025-07-11,refund
O00687,C0106,Backpack,258.76,2025-01-10,completed
O00014,C0089,External SSD,373.65,07-09-2024,done
O00854,C0073,Desk Lamp,92.51,2023-07-19,refund
O00062,C0112,Tablet Stand,84.12,07-15-2023,Completed
O00507,C0165,Desk Lamp,168.31,2025-07-09,pending
O00745,C0117,Mouse Pad,45.67,01-26-2023,refund
O00080,C0119,Marker Set,23.94,22/05/2023,done
O00928,C0064,Cable Organizer,17.68,2023-01-28,refunded
O00663,C0077,Chair Mat,263.05,07-10-2025,pend
O00676,C0107,Whiteboard,149.87,11-28-2023,cancelled
O00249,C0046,Marker Set,44.29,01/08/2023,pend
O00572,C0106,Chair Mat,97.54,2024-03-28,REFUNDED
O00940,C0108,Standing Desk,2008.43,16/04/2024,CANCELLED
O00085,C0028,Laptop,1001.46,11-28-2025,refund
O00304,C0179,Mouse Pad,48.7,19/02/2025,refund
O00744,C0117,Pen Set,66.84,27/07/2023,completed
O00960,C0129,Mouse Pad,71.23,30/11/2024,pend
O00992,C0045,Pen Set,46.9,07-23-2023,Refunded
O00495,C0076,External SSD,130.96,20/07/2024,pend
O00861,C0032,HDMI Cable,75.57,09/09/2025,refunded
O00938,C0072,USB Cable,13.07,27/02/2025,CANCELLED
O00502,C0139,Bluetooth Speaker,94.6,2025-09-14,canceled
O00678,C0078,Bluetooth Speaker,188.9,04/01/2025,COMPLETED
O00490,C0086,Webcam,225.03,12/03/2025,Completed
O00592,C0161,USB Cable,,20/05/2023,COMPLETED
O00247,C0087,Monitor,1396.12,10/09/2023,refund
O00802,C0027,Marker Set,59.73,18/12/2023,pend
O00993,C0031,Tablet Stand,139.56,06-16-2024,pend
O00872,C0174,Backpack,128.38,07-05-2024,Complete
O00685,C0063,HDMI Cable,47.14,28/06/2024,CANCELLED
O00458,C0025,External SSD,372.08,11/08/2025,Completed
O00653,C0084,Surge Protector,138.18,02/08/2024,cancelled
O00424,C0178,Tablet Stand,62.94,08-22-2023,canceled
O00599,C0097,Power Bank,119.13,2023-05-06,done
O00152,C0166,External SSD,237.28,2024-11-10,cancel
O00870,C0077,Headphones,310.03,05/01/2025,CANCELLED
O00965,C0167,USB Cable,29.28,14/01/2025,done
O00825,C0151,Desk Lamp,173.77,2023-07-02,canceled
O00472,C0093,Backpack,122.19,,completed
O00935,C0110,Mouse Pad,45.96,11-04-2023,PENDING
O00971,C0055,Marker Set,33.82,15/11/2023,Complete
O00759,C0034,Headphones,308.29,10-13-2024,Completed
O00716,C0026,Chair Mat,105.3,2025-02-08,Completed
O00277,C0003,Standing Desk,,03-18-2025,cancelled
O00389,C0163,Cable Organizer,60.31,10-15-2024,pend
O00782,C0034,Standing Desk,,2024-02-27,PENDING
O00752,C0042,Monitor,1416.86,2025-10-12,Completed
O00338,C0089,Laptop,3997.99,02-12-2024,REFUNDED
O00271,C0176,USB Cable,16.47,2023-06-29,Pending
O00844,C0058,Earbuds,296.57,02-20-2025,REFUNDED
O00312,C0024,USB Cable,58.11,12/05/2023,cancelled
O00050,C0067,Notebook,47.02,19/08/2025,canceled
O00114,C0113,External SSD,139.79,09-28-2023,Pending
O00045,C0085,Tablet Stand,43.05,07-09-2023,Complete
O00266,C0122,Standing Desk,497.86,05-07-2024,Completed
O00054,C0044,USB Cable,57.16,05-01-2023,cancelled
O00763,C0046,Chair Mat,158.11,10/10/2025,Cancelled
O00995,C0021,Earbuds,235.59,07-18-2025,canceled
O00551,C0089,USB Cable,36.18,2024-09-09,Cancelled
O00378,C0146,Tablet Stand,58.94,08-05-2023,cancel
O00762,C0170,Power Bank,34.18,08/11/2025,cancel
O00196,C0104,USB Cable,,2024-01-30,Completed
O00091,C0162,Phone Case,50.99,03-01-2023,Complete
O00175,C0087,Power Bank,192.28,06-02-2025,CANCELLED
O00232,C0030,Pen Set,71.02,02-28-2025,CANCELLED
O00950,C0041,Webcam,78.03,09-14-2023,pending
O00742,C0033,Wireless Mouse,116.33,2025-06-03,pending
O00869,C0156,Standing Desk,2500.2,2023-04-02,done
O00886,C0002,Marker Set,48.52,05-15-2024,Refunded
O00108,C0180,USB Cable,18.64,05-21-2024,done
O00143,C0060,Mouse Pad,60.48,06-23-2023,done
O00011,C0072,Standing Desk,1500.59,01/09/2024,refunded
O00781,C0018,External SSD,,31/10/2024,refunded
O00230,C0110,Surge Protector,25.36,2023-04-04,COMPLETED
O00030,C0126,Keyboard,,09-28-2023,refund
O00851,C0127,Desk Lamp,156.43,11-09-2023,Completed
O00633,C0166,Power Bank,87.65,11/02/2024,COMPLETED
O00908,C0094,Chair Mat,147.76,24/09/2023,canceled
O00989,C0079,Backpack,115.08,,canceled
O00657,C0100,HDMI Cable,54.05,15/05/2025,CANCELLED
O00783,C0111,Marker Set,34.93,09-27-2024,cancel
O00466,C0084,HDMI Cable,12.25,2023-01-01,cancel
O00714,C0026,Standing Desk,1002.11,2023-07-03,CANCELLED
O00306,C0105,Webcam,135.12,01-15-2023,Refunded
O00937,C0039,Cable Organizer,34.99,2025-09-06,CANCELLED
O00049,C0102,Bluetooth Speaker,452.99,08-12-2025,PENDING
O00628,C0130,Keyboard,245.49,31/10/2024,pending
O00830,C0113,Tablet Stand,122.68,13/06/2023,refunded
O00321,C0175,External SSD,616.5,2024-06-12,Completed
O00570,C0025,Power Bank,78.57,08/09/2024,canceled
O00082,C0150,Pen Set,72.62,05-06-2025,canceled
O00948,C0074,Monitor,696.48,12-22-2023,Cancelled
O00355,C0164,External SSD,606.27,2025-10-04,done
O00772,C0089,Pen Set,67.51,25/01/2023,done
O00325,C0128,Surge Protector,56.85,2024-06-27,Completed
O00846,C0049,Surge Protector,37.31,03/10/2024,completed
O00309,C0106,Standing Desk,2507.01,17/09/2025,refund
O00741,C0025,Tablet Stand,109.43,2023-05-05,cancelled
O00426,C0044,Chair Mat,266.73,2023-11-29,pending
O00098,C0036,Phone Case,76.02,2025-01-05,Complete
O00482,C0074,HDMI Cable,13.16,23/07/2024,Pending
O00072,C0091,Standing Desk,509.91,2025-02-27,Cancelled
O00017,C0105,Tablet Stand,106.9,11/08/2024,pending
O00894,C0077,Notebook,41.26,2024-07-05,cancel
O00346,C0022,Tablet Stand,102.69,04/08/2024,done
O00041,C0170,Mouse Pad,29.32,12-25-2023,REFUNDED
O00541,C0091,Webcam,361.96,10/05/2023,refunded
O00547,C0141,External SSD,482.56,2024-09-19,Completed
O00038,C0153,Wireless Mouse,129.9,2023-04-10,Cancelled
O00413,C0153,Bluetooth Speaker,192.16,2025-09-03,refunded
O00135,C0059,Surge Protector,135.01,2023-01-26,canceled
O00929,C0139,Surge Protector,100.29,13/10/2023,cancel
O00473,C0037,Surge Protector,123.41,2023-10-06,CANCELLED
O00005,C0137,HDMI Cable,77.44,24/01/2025,CANCELLED
O00590,C0128,Webcam,359.79,30/03/2025,Cancelled
O00803,C0162,Marker Set,47.91,30/09/2023,pend
O00660,C0176,Desk Lamp,88.06,04-08-2023,pending
O00019,C0010,Pen Set,51.62,,refund
O00292,C0163,Webcam,219.44,02-10-2025,refund
O00022,C0076,Earbuds,119.37,10/04/2025,cancelled
O00591,C0125,Mouse Pad,34.65,08/09/2023,Completed
O00243,C0088,Notebook,21.4,11-10-2024,refunded
O00913,C0112,Keyboard,325.44,2025-10-28,Pending
O00606,C0138,Headphones,451.6,2025-04-03,cancelled
O00335,C0108,HDMI Cable,49.87,11-24-2025,refunded
O00616,C0169,Standing Desk,,2025-09-22,cancelled
O00176,C0041,Wireless Mouse,33.27,04-18-2025,REFUNDED
O00464,C0140,Marker Set,17.31,2025-09-23,cancel
O00128,C0107,Backpack,237.02,09/11/2023,cancelled
O00123,C0154,Power Bank,177.07,02-24-2023,Complete
O00841,C0120,Phone Case,98.84,2024-05-08,cancelled
O00282,C0178,Earbuds,129.12,09/10/2024,pend
O00048,C0055,Headphones,163.66,05-11-2024,Complete
O00511,C0025,External SSD,599.22,2023-08-06,Completed
O00506,C0036,Wireless Mouse,55.61,03/05/2024,REFUNDED
O00822,C0067,Power Bank,158.57,05-21-2024,COMPLETED
O00051,C0081,Backpack,69.05,2023-10-26,refund
O00202,C0154,Laptop,2001.29,09-17-2024,Pending
O00943,C0076,External SSD,255.86,2025-05-12,Completed
O00328,C0071,HDMI Cable,49.59,27/07/2024,refund
O00833,C0097,Power Bank,194.62,22/09/2025,CANCELLED
O00326,C0159,Notebook,26.45,06-10-2023,refunded
O00446,C0081,Marker Set,10.78,01/05/2024,PENDING
O00775,C0054,External SSD,,10-12-2023,PENDING
O00699,C0122,Headphones,596.91,04-04-2025,Cancelled
O00432,C0028,Backpack,119.01,30/12/2023,canceled
O00662,C0129,Laptop,1013.5,09/01/2024,CANCELLED
O00588,C0031,USB Cable,44.98,07-28-2023,COMPLETED
O00077,C0167,Power Bank,72.49,16/02/2024,Cancelled
O00688,C0133,Keyboard,83.45,03/12/2023,pending
O00827,C0001,Monitor,364.33,05-03-2025,CANCELLED
O00623,C0079,Laptop,4995.82,04-22-2023,Completed
O00734,C0071,Headphones,169.79,06-01-2024,cancel
O00285,C0138,Headphones,463.31,2023-06-04,completed
O00575,C0088,Phone Case,55.69,2024-03-31,done
O00936,C0090,Monitor,1067.88,06-27-2024,completed
O00974,C0022,USB Cable,11.84,13/07/2025,Pending
O00540,C0139,Monitor,1413.39,03-05-2024,pend
O00218,C0058,Marker Set,29.77,10-27-2025,cancelled
O00617,C0081,Power Bank,121.65,13/04/2025,cancelled
O00291,C0100,HDMI Cable,,2024-10-25,Refunded
O00395,C0094,Notebook,15.0,19/02/2023,canceled
O00068,C0116,HDMI Cable,33.88,2025-06-03,Cancelled
O00576,C0177,Bluetooth Speaker,268.1,10/06/2023,refunded
O00239,C0126,Chair Mat,103.25,2025-11-04,Cancelled
O00330,C0118,Monitor,1756.45,01-25-2023,refund
O00815,C0040,HDMI Cable,29.04,20/06/2023,done
O00582,C0002,Surge Protector,46.1,30/08/2025,COMPLETED
O00477,C0029,Earbuds,259.0,26/07/2024,Refunded
O00219,C0012,Desk Lamp,126.37,22/11/2024,done
O00337,C0066,HDMI Cable,21.24,09/01/2025,Pending
O00939,C0124,Marker Set,46.0,10-11-2023,Cancelled
O00012,C0082,HDMI Cable,53.98,14/07/2024,REFUNDED
O00705,C0073,Headphones,315.46,09-08-2023,pending
O00917,C0117,Mouse Pad,61.42,08-29-2024,refunded
O00010,C0118,Standing Desk,1508.63,06-25-2024,Completed
O00126,C0100,Earbuds,244.1,,cancelled
O00322,C0174,Marker Set,32.98,12-24-2024,Pending
O00799,C0144,Tablet Stand,60.6,20/03/2025,Complete
O00149,C0067,Phone Case,38.79,2024-05-26,done
O00877,C0045,Mouse Pad,45.69,07-15-2023,refund
O00381,C0096,Backpack,255.61,05-07-2024,Cancelled
O00673,C0005,Backpack,,04/05/2025,canceled
O00221,C0055,Surge Protector,37.73,01-20-2025,pending
O00075,C0020,Notebook,36.58,10-12-2025,cancel
O00252,C0081,Marker Set,55.76,08-18-2024,done
O00367,C0177,Pen Set,52.08,22/03/2023,REFUNDED
O00191,C0037,Power Bank,186.97,21/03/2025,pending
O00810,C0156,Pen Set,67.99,2023-01-13,cancelled
O00912,C0033,Headphones,608.72,12/12/2024,refunded
O00331,C0026,Chair Mat,160.29,2024-06-22,pend
O00952,C0168,Tablet Stand,115.64,01-30-2025,Pending
O00185,C0174,Power Bank,67.99,2023-12-21,Complete
O00976,C0124,HDMI Cable,87.17,13/06/2025,refund
O00973,C0055,Wireless Mouse,76.68,16/05/2025,COMPLETED
O00408,C0168,USB Cable,58.48,10/10/2023,Refunded
O00361,C0134,Whiteboard,96.8,01/10/2024,pending
O00544,C0029,Marker Set,25.39,16/02/2023,REFUNDED
O00661,C0132,Monitor,1755.57,02/06/2024,cancelled
O00847,C0080,Wireless Mouse,158.34,17/05/2025,done
O00619,C0135,Webcam,297.07,08/09/2023,refund
O00301,C0028,Laptop,2008.05,2025-05-09,COMPLETED
O00420,C0049,Desk Lamp,164.91,08/08/2024,PENDING
O00601,C0092,Backpack,176.38,04-25-2024,cancelled
O00260,C0151,Standing Desk,2499.86,01/02/2024,cancelled
O00524,C0152,Earbuds,185.45,2024-10-29,pend
O00035,C0046,Standing Desk,2008.18,2024-04-01,PENDING
O00172,C0043,Backpack,257.0,2025-02-07,refund
O00461,C0033,Mouse Pad,17.13,08/08/2023,cancelled
O00066,C0099,Cable Organizer,46.74,06-10-2023,canceled
O00840,C0147,Marker Set,40.74,28/06/2023,REFUNDED
O00648,C0032,Notebook,6.08,12-11-2023,Pending
O00383,C0153,Laptop,4998.33,14/01/2023,Complete
O00362,C0141,Mouse Pad,13.32,11/02/2024,Complete
O00581,C0149,Cable Organizer,24.21,2024-07-31,REFUNDED
O00961,C0075,Notebook,46.35,2025-03-04,cancelled
O00440,C0066,Keyboard,242.48,2023-01-13,pend
O00393,C0035,HDMI Cable,74.9,02-06-2024,Refunded
O00622,C0140,Backpack,252.03,24/10/2023,canceled
O00111,C0024,Surge Protector,122.83,05-10-2023,CANCELLED
O00638,C0061,Power Bank,157.64,,done
O00327,C0158,Laptop,5018.9,01-30-2025,refund
O00836,C0007,Power Bank,51.72,24/05/2024,refunded
O00279,C0158,Webcam,137.85,04-22-2023,REFUNDED
O00766,C0076,External SSD,603.74,08-10-2025,CANCELLED
O00611,C0158,Cable Organizer,82.33,05-03-2023,cancel
O00434,C0075,HDMI Cable,28.03,11-05-2024,Complete
O00457,C0051,Marker Set,41.91,08-11-2025,cancel
O00905,C0057,Chair Mat,206.94,16/04/2023,canceled
O00444,C0143,Standing Desk,500.2,2024-12-25,Pending
O00500,C0168,Tablet Stand,43.31,2024-06-29,Cancelled
O00740,C0062,Chair Mat,65.53,2024-04-29,cancel
O00211,C0057,Notebook,25.59,09/11/2024,PENDING
O00814,C0021,Notebook,28.4,05-15-2025,CANCELLED
O00170,C0082,Phone Case,35.53,,Complete
O00320,C0148,Webcam,299.11,13/05/2024,cancel
O00602,C0177,Keyboard,237.83,2024-10-29,CANCELLED
O00785,C0085,Earbuds,246.47,06/07/2023,cancel
O00813,C0046,Power Bank,72.56,17/02/2024,refunded
O00598,C0147,HDMI Cable,69.02,25/04/2023,refund
O00106,C0153,Standing Desk,1003.07,08-15-2024,Refunded
O00403,C0023,Phone Case,47.5,2023-02-14,Refunded
O00288,C0024,Pen Set,46.52,12-06-2023,COMPLETED
O00735,C0001,Backpack,76.34,13/04/2025,Refunded
O00909,C0151,Mouse Pad,64.24,03-06-2024,refunded
O00867,C0077,Notebook,29.24,2023-01-01,Refunded
O00704,C0078,Desk Lamp,155.66,2025-05-13,PENDING
O00203,C0109,Pen Set,45.44,09-10-2024,Cancelled
O00178,C0040,Wireless Mouse,85.07,2025-09-10,Complete
O00257,C0092,External SSD,130.39,04-04-2024,Cancelled
O00988,C0106,Tablet Stand,95.15,04-03-2024,Pending
O00945,C0096,Wireless Mouse,41.56,2023-11-20,done
O00410,C0031,Phone Case,75.96,02/03/2023,CANCELLED
O00982,C0129,Monitor,1411.18,20/04/2025,REFUNDED
O00447,C0056,Mouse Pad,35.35,2023-03-18,cancel
O00508,C0087,Surge Protector,33.13,07-27-2025,REFUNDED
O00829,C0116,Earbuds,,2024-01-10,CANCELLED
O00764,C0164,Earbuds,60.17,2025-07-14,PENDING
O00479,C0080,Power Bank,52.58,23/01/2023,refunded
O00302,C0122,Power Bank,170.93,2025-10-27,done
O00668,C0167,Bluetooth Speaker,376.01,2024-01-26,cancel
O00565,C0164,Tablet Stand,98.06,12/08/2024,Completed
O00726,C0088,Headphones,618.93,10-01-2023,refunded
O00357,C0060,Keyboard,155.35,10/05/2025,refunded
O00095,C0159,Phone Case,77.94,02/10/2023,PENDING
O00205,C0077,Whiteboard,52.03,07-20-2024,Pending
O00494,C0023,Power Bank,74.38,2024-01-14,Pending
O00281,C0026,Desk Lamp,196.7,22/09/2025,PENDING
O00275,C0073,Cable Organizer,68.5,05/03/2023,Completed
O00130,C0015,Bluetooth Speaker,108.11,23/04/2023,COMPLETED
O00963,C0128,Monitor,1402.8,2023-11-27,canceled
O00709,C0043,Marker Set,18.29,09-24-2024,REFUNDED
O00746,C0050,Earbuds,130.91,12/05/2025,cancel
O00086,C0057,External SSD,364.75,2025-10-21,completed
O00226,C0068,Mouse Pad,27.93,2023-11-25,Complete
O00142,C0053,Mouse Pad,29.48,10-19-2023,pending
O00336,C0077,Webcam,,07-22-2023,Complete
O00986,C0026,Tablet Stand,107.54,16/08/2024,cancel
O00223,C0013,Marker Set,14.41,01/06/2024,Complete
O00921,C0092,Bluetooth Speaker,269.39,08-06-2023,Cancelled
O00118,C0109,Marker Set,24.92,07-02-2023,refunded
O00374,C0165,Pen Set,60.11,2024-06-08,cancelled
O00888,C0132,Notebook,11.56,2025-02-03,Completed
O00222,C0097,Tablet Stand,89.25,04-09-2023,completed
O00157,C0123,Standing Desk,2003.56,20/10/2024,completed
O00780,C0007,Phone Case,36.72,2024-08-04,Refunded
O00525,C0059,Monitor,713.42,2025-02-08,refund
O00531,C0064,Bluetooth Speaker,275.83,11-02-2023,CANCELLED
O00024,C0061,External SSD,378.82,24/01/2023,Completed
O00549,C0159,Phone Case,102.08,2023-11-11,pending
O00031,C0015,Standing Desk,2011.78,14/02/2023,completed
O00621,C0113,Backpack,,02-06-2025,pend
O00198,C0102,Tablet Stand,37.02,09-28-2025,refunded
O00125,C0062,HDMI Cable,71.73,25/01/2023,done
O00949,C0109,Whiteboard,188.81,24/10/2025,CANCELLED
O00261,C0048,Phone Case,,07-25-2024,COMPLETED
O00760,C0012,Cable Organizer,89.63,2024-08-25,pending
O00535,C0150,Laptop,4006.55,2025-04-10,canceled
O00163,C0010,Keyboard,80.81,2025-09-05,Complete
O00006,C0150,Desk Lamp,49.91,04-11-2024,refunded
O00560,C0107,External SSD,359.06,05-18-2025,done
O00615,C0109,Tablet Stand,25.04,01/03/2023,Pending
O00629,C0165,Tablet Stand,60.73,2023-10-06,PENDING
O00496,C0066,Phone Case,,06/03/2025,Pending
O00356,C0013,Standing Desk,499.64,2024-07-05,completed
O00352,C0002,Standing Desk,1499.68,14/06/2025,Cancelled
O01000,C0054,Whiteboard,184.34,2025-07-12,completed
O00121,C0106,Power Bank,156.46,2023-07-25,refund
O00033,C0121,Wireless Mouse,95.19,10/05/2025,Cancelled
O00876,C0071,Laptop,1004.42,2025-02-14,refunded
